,MSE,MAE
0,0.004859385698512282,0.04752747621610148
