,MSE,MAE
0,0.004067386106244391,0.04353862331184706
