,MSE,MAE
0,0.28105762701263953,0.4264932481286633
