,MSE,MAE
0,0.004653209753525353,0.04618622062113992
