,MSE,MAE
0,0.004133556641140295,0.044292446739198015
