,MSE,MAE
0,0.004360954921597873,0.046054581690024535
