,MSE,MAE
0,0.3209672839961556,0.46990720563742217
